# Controlled injected noise (dose-response), pi0.5, LIBERO-spatial. 100 episodes/cell, seed 0.
# action_noise: zero-mean Gaussian added to every executed action (RobustVLA sigma grid).
# pixel_noise: Gaussian on camera images at consume time (uint8 scale, STRONG-VLA style).
# sr = success rate (%). delta = fp16 - w4a8.
stressor,sigma,fp16,w4a8,delta
none,0,99,98,1
action_noise,0.1,98,99,-1
action_noise,0.2,90,89,1
action_noise,0.3,70,70,0
pixel_noise,10,98,99,-1
pixel_noise,25,99,100,-1
pixel_noise,50,71,72,-1
